max_depth,cut_off,accuracy,recall,Performance
9,0.05,0.9842437920000576,0.7918250950570342,0.8776111555572667
